;segID;boundary
0;Bed006.segment.1;0.0
1;Bed006.segment.3;0.0
2;Bed006.segment.5;0.0
3;Bed006.segment.6;0.0
4;Bed006.segment.7;0.0
5;Bed006.segment.8;0.0
6;Bed006.segment.9;0.0
7;Bed006.segment.10;0.0
8;Bed006.segment.11;0.0
9;Bed006.segment.12;0.0
10;Bed006.segment.13;0.0
11;Bed006.segment.15;0.0
12;Bed006.segment.17;0.0
13;Bed006.segment.16;0.0
14;Bed006.segment.18;0.0
15;Bed006.segment.19;0.0
16;Bed006.segment.21;0.0
17;Bed006.segment.22;0.0
18;Bed006.segment.23;0.0
19;Bed006.segment.25;0.0
20;Bed006.segment.24;0.0
21;Bed006.segment.27;0.0
22;Bed006.segment.29;0.0
23;Bed006.segment.33;0.0
24;Bed006.segment.36;0.0
25;Bed006.segment.39;0.0
26;Bed006.segment.40;0.0
27;Bed006.segment.42;0.0
28;Bed006.segment.43;0.0
29;Bed006.segment.44;0.0
30;Bed006.segment.47;0.0
31;Bed006.segment.48;0.0
32;Bed006.segment.51;0.0
33;Bed006.segment.52;0.0
34;Bed006.segment.53;0.0
35;Bed006.segment.55;0.0
36;Bed006.segment.56;0.0
37;Bed006.segment.58;0.0
38;Bed006.segment.64;0.0
39;Bed006.segment.65;0.0
40;Bed006.segment.67;0.0
41;Bed006.segment.68;0.0
42;Bed006.segment.69;0.0
43;Bed006.segment.70;0.0
44;Bed006.segment.71;0.0
45;Bed006.segment.72;0.0
46;Bed006.segment.73;0.0
47;Bed006.segment.74;0.0
48;Bed006.segment.75;0.0
49;Bed006.segment.77;0.0
50;Bed006.segment.78;0.0
51;Bed006.segment.80;0.0
52;Bed006.segment.82;0.0
53;Bed006.segment.84;0.0
54;Bed006.segment.85;0.0
55;Bed006.segment.86;0.0
56;Bed006.segment.90;0.0
57;Bed006.segment.91;0.0
58;Bed006.segment.92;0.0
59;Bed006.segment.94;0.0
60;Bed006.segment.96;0.0
61;Bed006.segment.97;0.0
62;Bed006.segment.98;0.0
63;Bed006.segment.99;0.0
64;Bed006.segment.101;0.0
65;Bed006.segment.102;0.0
66;Bed006.segment.103;0.0
67;Bed006.segment.106;0.0
68;Bed006.segment.108;0.0
69;Bed006.segment.109;0.0
70;Bed006.segment.111;0.0
71;Bed006.segment.113;0.0
72;Bed006.segment.114;0.0
73;Bed006.segment.116;0.0
74;Bed006.segment.118;0.0
75;Bed006.segment.119;0.0
76;Bed006.segment.123;0.0
77;Bed006.segment.124;0.0
78;Bed006.segment.126;0.0
79;Bed006.segment.130;0.0
80;Bed006.segment.131;0.0
81;Bed006.segment.135;0.0
82;Bed006.segment.139;0.0
83;Bed006.segment.140;0.0
84;Bed006.segment.141;0.0
85;Bed006.segment.142;0.0
86;Bed006.segment.143;0.0
87;Bed006.segment.146;0.0
88;Bed006.segment.147;0.0
89;Bed006.segment.151;0.0
90;Bed006.segment.152;0.0
91;Bed006.segment.153;0.0
92;Bed006.segment.154;0.0
93;Bed006.segment.155;0.0
94;Bed006.segment.156;0.0
95;Bed006.segment.157;0.0
96;Bed006.segment.158;0.0
97;Bed006.segment.159;0.0
98;Bed006.segment.162;0.0
99;Bed006.segment.164;0.0
100;Bed006.segment.165;0.0
101;Bed006.segment.166;0.0
102;Bed006.segment.167;0.0
103;Bed006.segment.168;0.0
104;Bed006.segment.169;0.0
105;Bed006.segment.170;0.0
106;Bed006.segment.171;0.0
107;Bed006.segment.172;0.0
108;Bed006.segment.173;0.0
109;Bed006.segment.176;0.0
110;Bed006.segment.177;0.0
111;Bed006.segment.178;0.0
112;Bed006.segment.179;0.0
113;Bed006.segment.180;0.0
114;Bed006.segment.181;0.0
115;Bed006.segment.182;0.0
116;Bed006.segment.183;0.0
117;Bed006.segment.184;0.0
118;Bed006.segment.186;0.0
119;Bed006.segment.187;0.0
120;Bed006.segment.188;0.0
121;Bed006.segment.189;0.0
122;Bed006.segment.191;0.0
123;Bed006.segment.190;0.0
124;Bed006.segment.192;0.0
125;Bed006.segment.193;0.0
126;Bed006.segment.194;0.0
127;Bed006.segment.195;0.0
128;Bed006.segment.196;0.0
129;Bed006.segment.197;0.0
130;Bed006.segment.198;0.0
131;Bed006.segment.199;0.0
132;Bed006.segment.200;0.0
133;Bed006.segment.201;0.0
134;Bed006.segment.202;0.0
135;Bed006.segment.204;0.0
136;Bed006.segment.205;0.0
137;Bed006.segment.206;0.0
138;Bed006.segment.207;0.0
139;Bed006.segment.208;0.0
140;Bed006.segment.209;0.0
141;Bed006.segment.210;0.0
142;Bed006.segment.211;0.0
143;Bed006.segment.213;0.0
144;Bed006.segment.215;0.0
145;Bed006.segment.216;0.0
146;Bed006.segment.217;0.0
147;Bed006.segment.218;0.0
148;Bed006.segment.219;0.0
149;Bed006.segment.220;0.0
150;Bed006.segment.221;0.0
151;Bed006.segment.222;0.0
152;Bed006.segment.223;0.0
153;Bed006.segment.226;0.0
154;Bed006.segment.227;0.0
155;Bed006.segment.228;1.0
156;Bed006.segment.229;0.0
157;Bed006.segment.231;0.0
158;Bed006.segment.232;0.0
159;Bed006.segment.234;0.0
160;Bed006.segment.235;0.0
161;Bed006.segment.236;0.0
162;Bed006.segment.237;0.0
163;Bed006.segment.240;0.0
164;Bed006.segment.242;0.0
165;Bed006.segment.243;0.0
166;Bed006.segment.245;0.0
167;Bed006.segment.248;0.0
168;Bed006.segment.251;0.0
169;Bed006.segment.252;0.0
170;Bed006.segment.253;0.0
171;Bed006.segment.254;0.0
172;Bed006.segment.255;0.0
173;Bed006.segment.256;0.0
174;Bed006.segment.257;0.0
175;Bed006.segment.258;0.0
176;Bed006.segment.259;0.0
177;Bed006.segment.260;0.0
178;Bed006.segment.261;0.0
179;Bed006.segment.262;0.0
180;Bed006.segment.263;0.0
181;Bed006.segment.264;0.0
182;Bed006.segment.265;0.0
183;Bed006.segment.267;0.0
184;Bed006.segment.269;0.0
185;Bed006.segment.270;0.0
186;Bed006.segment.271;0.0
187;Bed006.segment.272;0.0
188;Bed006.segment.273;0.0
189;Bed006.segment.274;0.0
190;Bed006.segment.275;0.0
191;Bed006.segment.277;0.0
192;Bed006.segment.276;0.0
193;Bed006.segment.278;0.0
194;Bed006.segment.279;0.0
195;Bed006.segment.280;0.0
196;Bed006.segment.281;0.0
197;Bed006.segment.283;0.0
198;Bed006.segment.284;0.0
199;Bed006.segment.285;0.0
200;Bed006.segment.286;0.0
201;Bed006.segment.289;0.0
202;Bed006.segment.290;0.0
203;Bed006.segment.291;0.0
204;Bed006.segment.292;0.0
205;Bed006.segment.299;0.0
206;Bed006.segment.300;0.0
207;Bed006.segment.301;0.0
208;Bed006.segment.302;0.0
209;Bed006.segment.303;0.0
210;Bed006.segment.304;0.0
211;Bed006.segment.305;0.0
212;Bed006.segment.309;1.0
213;Bed006.segment.314;0.0
214;Bed006.segment.315;1.0
215;Bed006.segment.316;0.0
216;Bed006.segment.319;0.0
217;Bed006.segment.318;0.0
218;Bed006.segment.320;0.0
219;Bed006.segment.321;0.0
220;Bed006.segment.322;0.0
221;Bed006.segment.323;0.0
222;Bed006.segment.324;0.0
223;Bed006.segment.325;0.0
224;Bed006.segment.326;0.0
225;Bed006.segment.327;0.0
226;Bed006.segment.328;0.0
227;Bed006.segment.329;0.0
228;Bed006.segment.330;0.0
229;Bed006.segment.331;0.0
230;Bed006.segment.332;0.0
231;Bed006.segment.334;0.0
232;Bed006.segment.335;0.0
233;Bed006.segment.336;0.0
234;Bed006.segment.337;0.0
235;Bed006.segment.338;0.0
236;Bed006.segment.339;0.0
237;Bed006.segment.340;0.0
238;Bed006.segment.341;0.0
239;Bed006.segment.342;0.0
240;Bed006.segment.343;0.0
241;Bed006.segment.344;0.0
242;Bed006.segment.345;0.0
243;Bed006.segment.346;0.0
244;Bed006.segment.347;0.0
245;Bed006.segment.348;0.0
246;Bed006.segment.349;0.0
247;Bed006.segment.350;0.0
248;Bed006.segment.351;0.0
249;Bed006.segment.352;0.0
250;Bed006.segment.353;0.0
251;Bed006.segment.354;0.0
252;Bed006.segment.355;0.0
253;Bed006.segment.356;0.0
254;Bed006.segment.358;0.0
255;Bed006.segment.359;0.0
256;Bed006.segment.361;0.0
257;Bed006.segment.365;0.0
258;Bed006.segment.366;0.0
259;Bed006.segment.367;0.0
260;Bed006.segment.369;0.0
261;Bed006.segment.370;0.0
262;Bed006.segment.371;0.0
263;Bed006.segment.372;0.0
264;Bed006.segment.373;0.0
265;Bed006.segment.374;1.0
266;Bed006.segment.375;0.0
267;Bed006.segment.377;0.0
268;Bed006.segment.376;0.0
269;Bed006.segment.378;0.0
270;Bed006.segment.380;0.0
271;Bed006.segment.381;0.0
272;Bed006.segment.382;0.0
273;Bed006.segment.383;0.0
274;Bed006.segment.384;0.0
275;Bed006.segment.386;0.0
276;Bed006.segment.387;0.0
277;Bed006.segment.388;0.0
278;Bed006.segment.390;0.0
279;Bed006.segment.391;0.0
280;Bed006.segment.392;0.0
281;Bed006.segment.393;0.0
282;Bed006.segment.394;0.0
283;Bed006.segment.397;0.0
284;Bed006.segment.398;0.0
285;Bed006.segment.400;0.0
286;Bed006.segment.401;0.0
287;Bed006.segment.402;0.0
288;Bed006.segment.403;0.0
289;Bed006.segment.404;0.0
290;Bed006.segment.406;0.0
291;Bed006.segment.407;0.0
292;Bed006.segment.408;0.0
293;Bed006.segment.409;0.0
294;Bed006.segment.410;0.0
295;Bed006.segment.411;0.0
296;Bed006.segment.412;0.0
297;Bed006.segment.413;0.0
298;Bed006.segment.414;0.0
299;Bed006.segment.415;1.0
300;Bed006.segment.417;0.0
301;Bed006.segment.418;0.0
302;Bed006.segment.420;0.0
303;Bed006.segment.421;0.0
304;Bed006.segment.422;0.0
305;Bed006.segment.423;0.0
306;Bed006.segment.424;0.0
307;Bed006.segment.425;1.0
308;Bed006.segment.426;0.0
309;Bed006.segment.427;0.0
310;Bed006.segment.428;0.0
311;Bed006.segment.429;0.0
312;Bed006.segment.431;0.0
313;Bed006.segment.432;0.0
314;Bed006.segment.433;0.0
315;Bed006.segment.434;0.0
316;Bed006.segment.435;0.0
317;Bed006.segment.437;0.0
318;Bed006.segment.438;0.0
319;Bed006.segment.441;0.0
320;Bed006.segment.442;0.0
321;Bed006.segment.444;0.0
322;Bed006.segment.445;0.0
323;Bed006.segment.446;0.0
324;Bed006.segment.449;0.0
325;Bed006.segment.450;0.0
326;Bed006.segment.454;0.0
327;Bed006.segment.455;0.0
328;Bed006.segment.456;0.0
329;Bed006.segment.457;0.0
330;Bed006.segment.458;0.0
331;Bed006.segment.460;0.0
332;Bed006.segment.459;0.0
333;Bed006.segment.462;0.0
334;Bed006.segment.464;0.0
335;Bed006.segment.465;0.0
336;Bed006.segment.466;0.0
337;Bed006.segment.467;0.0
338;Bed006.segment.468;0.0
339;Bed006.segment.472;0.0
340;Bed006.segment.473;0.0
341;Bed006.segment.475;0.0
342;Bed006.segment.476;0.0
343;Bed006.segment.477;0.0
344;Bed006.segment.481;0.0
345;Bed006.segment.482;0.0
346;Bed006.segment.483;0.0
347;Bed006.segment.485;0.0
348;Bed006.segment.486;0.0
349;Bed006.segment.487;0.0
350;Bed006.segment.490;0.0
351;Bed006.segment.489;0.0
352;Bed006.segment.491;0.0
353;Bed006.segment.492;0.0
354;Bed006.segment.493;0.0
355;Bed006.segment.496;0.0
356;Bed006.segment.499;0.0
357;Bed006.segment.500;0.0
358;Bed006.segment.501;0.0
359;Bed006.segment.503;0.0
360;Bed006.segment.504;0.0
361;Bed006.segment.508;0.0
362;Bed006.segment.510;0.0
363;Bed006.segment.511;0.0
364;Bed006.segment.513;0.0
365;Bed006.segment.514;1.0
366;Bed006.segment.518;0.0
367;Bed006.segment.521;0.0
368;Bed006.segment.522;0.0
369;Bed006.segment.523;0.0
370;Bed006.segment.524;0.0
371;Bed006.segment.525;0.0
372;Bed006.segment.526;0.0
373;Bed006.segment.527;0.0
374;Bed006.segment.529;0.0
375;Bed006.segment.532;0.0
376;Bed006.segment.533;0.0
377;Bed006.segment.534;0.0
378;Bed006.segment.535;0.0
379;Bed006.segment.536;0.0
380;Bed006.segment.537;0.0
381;Bed006.segment.538;0.0
382;Bed006.segment.541;0.0
383;Bed006.segment.543;0.0
384;Bed006.segment.544;0.0
385;Bed006.segment.545;0.0
386;Bed006.segment.547;0.0
387;Bed006.segment.548;0.0
388;Bed006.segment.550;0.0
389;Bed006.segment.552;0.0
390;Bed006.segment.556;0.0
391;Bed006.segment.560;0.0
392;Bed006.segment.561;0.0
393;Bed006.segment.562;0.0
394;Bed006.segment.563;0.0
395;Bed006.segment.564;0.0
396;Bed006.segment.565;1.0
397;Bed006.segment.570;0.0
398;Bed006.segment.571;0.0
399;Bed006.segment.572;0.0
400;Bed006.segment.573;0.0
401;Bed006.segment.574;0.0
402;Bed006.segment.576;0.0
403;Bed006.segment.578;0.0
404;Bed006.segment.577;0.0
405;Bed006.segment.582;0.0
406;Bed006.segment.584;0.0
407;Bed006.segment.586;0.0
408;Bed006.segment.587;0.0
409;Bed006.segment.589;0.0
410;Bed006.segment.591;0.0
411;Bed006.segment.592;0.0
412;Bed006.segment.593;0.0
413;Bed006.segment.594;0.0
414;Bed006.segment.595;0.0
415;Bed006.segment.596;0.0
416;Bed006.segment.598;0.0
417;Bed006.segment.599;0.0
418;Bed006.segment.600;0.0
419;Bed006.segment.602;0.0
420;Bed006.segment.603;0.0
421;Bed006.segment.604;0.0
422;Bed006.segment.605;0.0
423;Bed006.segment.606;0.0
424;Bed006.segment.607;0.0
425;Bed006.segment.608;0.0
426;Bed006.segment.609;0.0
427;Bed006.segment.610;0.0
428;Bed006.segment.611;0.0
429;Bed006.segment.614;0.0
430;Bed006.segment.615;0.0
431;Bed006.segment.618;0.0
432;Bed006.segment.621;0.0
433;Bed006.segment.622;0.0
434;Bed006.segment.623;0.0
435;Bed006.segment.624;0.0
436;Bed006.segment.625;0.0
437;Bed006.segment.626;0.0
438;Bed006.segment.627;0.0
439;Bed006.segment.628;0.0
440;Bed006.segment.630;0.0
441;Bed006.segment.631;0.0
442;Bed006.segment.634;0.0
443;Bed006.segment.635;0.0
444;Bed006.segment.638;1.0
445;Bed006.segment.640;0.0
446;Bed006.segment.641;0.0
447;Bed006.segment.643;0.0
448;Bed006.segment.644;0.0
449;Bed006.segment.645;0.0
450;Bed006.segment.647;0.0
451;Bed006.segment.648;0.0
452;Bed006.segment.650;0.0
453;Bed006.segment.651;0.0
454;Bed006.segment.652;0.0
455;Bed006.segment.654;0.0
456;Bed006.segment.655;0.0
457;Bed006.segment.656;0.0
458;Bed006.segment.657;0.0
459;Bed006.segment.658;0.0
460;Bed006.segment.660;0.0
461;Bed006.segment.662;0.0
462;Bed006.segment.663;0.0
463;Bed006.segment.664;0.0
464;Bed006.segment.665;0.0
465;Bed006.segment.666;0.0
466;Bed006.segment.667;0.0
467;Bed006.segment.668;0.0
468;Bed006.segment.669;0.0
469;Bed006.segment.672;0.0
470;Bed006.segment.674;0.0
471;Bed006.segment.675;0.0
472;Bed006.segment.678;0.0
473;Bed006.segment.679;0.0
474;Bed006.segment.680;0.0
475;Bed006.segment.681;0.0
476;Bed006.segment.682;0.0
477;Bed006.segment.683;0.0
478;Bed006.segment.684;0.0
479;Bed006.segment.685;0.0
480;Bed006.segment.686;0.0
481;Bed006.segment.687;0.0
482;Bed006.segment.689;0.0
483;Bed006.segment.690;0.0
484;Bed006.segment.691;0.0
485;Bed006.segment.693;0.0
486;Bed006.segment.694;0.0
487;Bed006.segment.695;0.0
488;Bed006.segment.696;0.0
489;Bed006.segment.697;0.0
490;Bed006.segment.700;0.0
491;Bed006.segment.701;0.0
492;Bed006.segment.703;0.0
493;Bed006.segment.704;0.0
494;Bed006.segment.705;0.0
495;Bed006.segment.706;0.0
496;Bed006.segment.709;0.0
497;Bed006.segment.710;0.0
498;Bed006.segment.711;0.0
499;Bed006.segment.714;0.0
500;Bed006.segment.715;0.0
501;Bed006.segment.716;0.0
502;Bed006.segment.717;0.0
503;Bed006.segment.718;0.0
504;Bed006.segment.719;0.0
505;Bed006.segment.723;0.0
506;Bed006.segment.724;0.0
507;Bed006.segment.725;0.0
508;Bed006.segment.727;0.0
509;Bed006.segment.726;0.0
510;Bed006.segment.728;0.0
511;Bed006.segment.729;0.0
512;Bed006.segment.730;0.0
513;Bed006.segment.731;0.0
514;Bed006.segment.732;0.0
515;Bed006.segment.733;0.0
516;Bed006.segment.734;0.0
517;Bed006.segment.735;0.0
518;Bed006.segment.736;0.0
519;Bed006.segment.737;0.0
520;Bed006.segment.742;0.0
521;Bed006.segment.745;0.0
522;Bed006.segment.747;0.0
523;Bed006.segment.748;0.0
524;Bed006.segment.749;0.0
525;Bed006.segment.753;0.0
526;Bed006.segment.754;0.0
527;Bed006.segment.755;0.0
528;Bed006.segment.757;0.0
529;Bed006.segment.758;0.0
530;Bed006.segment.760;0.0
531;Bed006.segment.764;0.0
532;Bed006.segment.767;0.0
533;Bed006.segment.768;0.0
534;Bed006.segment.769;0.0
535;Bed006.segment.770;0.0
536;Bed006.segment.771;0.0
537;Bed006.segment.772;0.0
538;Bed006.segment.773;0.0
539;Bed006.segment.774;0.0
540;Bed006.segment.775;0.0
541;Bed006.segment.776;0.0
542;Bed006.segment.777;0.0
543;Bed006.segment.778;0.0
544;Bed006.segment.779;0.0
545;Bed006.segment.782;0.0
546;Bed006.segment.783;1.0
547;Bed006.segment.786;0.0
548;Bed006.segment.785;0.0
549;Bed006.segment.789;0.0
550;Bed006.segment.790;0.0
551;Bed006.segment.792;0.0
552;Bed006.segment.793;0.0
553;Bed006.segment.795;0.0
554;Bed006.segment.797;0.0
555;Bed006.segment.798;0.0
556;Bed006.segment.799;0.0
557;Bed006.segment.800;0.0
558;Bed006.segment.802;0.0
559;Bed006.segment.803;0.0
560;Bed006.segment.804;0.0
561;Bed006.segment.805;0.0
562;Bed006.segment.806;0.0
563;Bed006.segment.807;0.0
564;Bed006.segment.808;0.0
565;Bed006.segment.809;0.0
566;Bed006.segment.810;0.0
567;Bed006.segment.811;0.0
568;Bed006.segment.812;0.0
569;Bed006.segment.813;0.0
570;Bed006.segment.814;0.0
571;Bed006.segment.815;0.0
572;Bed006.segment.816;0.0
573;Bed006.segment.817;0.0
574;Bed006.segment.818;0.0
575;Bed006.segment.819;0.0
576;Bed006.segment.820;0.0
577;Bed006.segment.822;0.0
578;Bed006.segment.823;0.0
579;Bed006.segment.824;0.0
580;Bed006.segment.825;0.0
581;Bed006.segment.826;0.0
582;Bed006.segment.827;0.0
583;Bed006.segment.828;0.0
584;Bed006.segment.829;0.0
585;Bed006.segment.831;0.0
586;Bed006.segment.832;0.0
587;Bed006.segment.833;0.0
588;Bed006.segment.834;0.0
589;Bed006.segment.835;0.0
590;Bed006.segment.836;0.0
591;Bed006.segment.837;0.0
592;Bed006.segment.838;0.0
593;Bed006.segment.840;0.0
594;Bed006.segment.841;0.0
595;Bed006.segment.842;0.0
596;Bed006.segment.843;0.0
597;Bed006.segment.844;1.0
598;Bed006.segment.845;0.0
599;Bed006.segment.846;0.0
600;Bed006.segment.847;0.0
601;Bed006.segment.848;0.0
602;Bed006.segment.849;0.0
603;Bed006.segment.850;0.0
604;Bed006.segment.851;0.0
605;Bed006.segment.853;0.0
606;Bed006.segment.854;0.0
607;Bed006.segment.855;0.0
608;Bed006.segment.856;0.0
609;Bed006.segment.857;0.0
610;Bed006.segment.858;0.0
611;Bed006.segment.859;0.0
612;Bed006.segment.860;0.0
613;Bed006.segment.861;0.0
614;Bed006.segment.862;0.0
615;Bed006.segment.863;0.0
616;Bed006.segment.864;0.0
617;Bed006.segment.865;0.0
618;Bed006.segment.866;0.0
619;Bed006.segment.867;0.0
620;Bed006.segment.868;0.0
621;Bed006.segment.869;0.0
622;Bed006.segment.870;0.0
623;Bed006.segment.871;0.0
624;Bed006.segment.872;0.0
625;Bed006.segment.873;0.0
626;Bed006.segment.874;0.0
627;Bed006.segment.875;0.0
628;Bed006.segment.876;0.0
629;Bed006.segment.877;0.0
630;Bed006.segment.878;0.0
631;Bed006.segment.879;0.0
632;Bed006.segment.880;0.0
633;Bed006.segment.881;0.0
634;Bed006.segment.882;0.0
635;Bed006.segment.884;0.0
636;Bed006.segment.885;0.0
637;Bed006.segment.886;0.0
638;Bed006.segment.887;0.0
639;Bed006.segment.888;0.0
640;Bed006.segment.889;0.0
641;Bed006.segment.890;0.0
642;Bed006.segment.891;0.0
643;Bed006.segment.893;0.0
644;Bed006.segment.894;0.0
645;Bed006.segment.895;0.0
646;Bed006.segment.896;0.0
647;Bed006.segment.897;0.0
648;Bed006.segment.898;0.0
649;Bed006.segment.899;0.0
650;Bed006.segment.900;0.0
651;Bed006.segment.901;0.0
652;Bed006.segment.902;0.0
653;Bed006.segment.903;0.0
654;Bed006.segment.904;0.0
655;Bed006.segment.905;0.0
656;Bed006.segment.906;0.0
657;Bed006.segment.907;0.0
658;Bed006.segment.908;0.0
659;Bed006.segment.910;0.0
660;Bed006.segment.909;0.0
661;Bed006.segment.911;0.0
662;Bed006.segment.912;0.0
663;Bed006.segment.913;0.0
664;Bed006.segment.915;0.0
665;Bed006.segment.916;0.0
666;Bed006.segment.917;0.0
667;Bed006.segment.918;0.0
668;Bed006.segment.919;0.0
669;Bed006.segment.920;0.0
670;Bed006.segment.921;0.0
671;Bed006.segment.922;0.0
672;Bed006.segment.923;0.0
673;Bed006.segment.924;0.0
674;Bed006.segment.925;0.0
675;Bed006.segment.926;0.0
676;Bed006.segment.927;0.0
677;Bed006.segment.928;0.0
678;Bed006.segment.929;0.0
679;Bed006.segment.930;0.0
680;Bed006.segment.931;0.0
681;Bed006.segment.932;0.0
682;Bed006.segment.933;0.0
683;Bed006.segment.934;0.0
684;Bed006.segment.935;0.0
685;Bed006.segment.936;0.0
686;Bed006.segment.937;0.0
687;Bed006.segment.938;0.0
688;Bed006.segment.939;0.0
689;Bed006.segment.940;1.0
690;Bed006.segment.941;0.0
691;Bed006.segment.942;0.0
692;Bed006.segment.943;0.0
693;Bed006.segment.944;0.0
694;Bed006.segment.945;0.0
695;Bed006.segment.948;0.0
696;Bed006.segment.949;0.0
697;Bed006.segment.950;0.0
698;Bed006.segment.951;0.0
699;Bed006.segment.952;0.0
700;Bed006.segment.953;0.0
701;Bed006.segment.954;0.0
702;Bed006.segment.955;0.0
703;Bed006.segment.956;0.0
704;Bed006.segment.957;0.0
705;Bed006.segment.958;0.0
706;Bed006.segment.959;0.0
707;Bed006.segment.960;0.0
708;Bed006.segment.961;0.0
709;Bed006.segment.962;0.0
710;Bed006.segment.963;0.0
711;Bed006.segment.964;0.0
712;Bed006.segment.965;0.0
713;Bed006.segment.966;0.0
714;Bed006.segment.967;0.0
715;Bed006.segment.968;0.0
716;Bed006.segment.970;0.0
717;Bed006.segment.971;0.0
718;Bed006.segment.972;0.0
719;Bed006.segment.973;0.0
720;Bed006.segment.974;0.0
721;Bed006.segment.975;0.0
722;Bed006.segment.976;0.0
723;Bed006.segment.977;0.0
724;Bed006.segment.978;0.0
725;Bed006.segment.979;0.0
726;Bed006.segment.980;0.0
727;Bed006.segment.982;0.0
728;Bed006.segment.983;0.0
729;Bed006.segment.984;0.0
730;Bed006.segment.985;0.0
731;Bed006.segment.986;0.0
732;Bed006.segment.987;0.0
733;Bed006.segment.988;0.0
734;Bed006.segment.992;0.0
735;Bed006.segment.993;0.0
736;Bed006.segment.994;0.0
737;Bed006.segment.995;0.0
738;Bed006.segment.996;0.0
739;Bed006.segment.997;0.0
740;Bed006.segment.998;0.0
741;Bed006.segment.999;0.0
742;Bed006.segment.1,000;0.0
743;Bed006.segment.1,001;0.0
744;Bed006.segment.1,002;0.0
745;Bed006.segment.1,003;0.0
746;Bed006.segment.1,005;0.0
747;Bed006.segment.1,006;0.0
748;Bed006.segment.1,007;0.0
749;Bed006.segment.1,008;0.0
750;Bed006.segment.1,009;0.0
751;Bed006.segment.1,010;0.0
752;Bed006.segment.1,011;0.0
753;Bed006.segment.1,012;0.0
754;Bed006.segment.1,013;0.0
755;Bed006.segment.1,014;0.0
756;Bed006.segment.1,015;0.0
757;Bed006.segment.1,016;0.0
758;Bed006.segment.1,017;0.0
759;Bed006.segment.1,018;0.0
760;Bed006.segment.1,020;0.0
761;Bed006.segment.1,021;0.0
762;Bed006.segment.1,022;0.0
763;Bed006.segment.1,023;0.0
764;Bed006.segment.1,024;0.0
765;Bed006.segment.1,025;0.0
766;Bed006.segment.1,026;0.0
767;Bed006.segment.1,028;0.0
768;Bed006.segment.1,029;0.0
769;Bed006.segment.1,030;0.0
770;Bed006.segment.1,031;0.0
771;Bed006.segment.1,032;1.0
772;Bed006.segment.1,033;0.0
773;Bed006.segment.1,034;0.0
774;Bed006.segment.1,035;0.0
775;Bed006.segment.1,036;0.0
776;Bed006.segment.1,037;0.0
777;Bed006.segment.1,038;0.0
778;Bed006.segment.1,039;0.0
779;Bed006.segment.1,040;0.0
780;Bed006.segment.1,041;0.0
781;Bed006.segment.1,044;0.0
782;Bed006.segment.1,043;0.0
783;Bed006.segment.1,045;0.0
784;Bed006.segment.1,046;0.0
785;Bed006.segment.1,048;0.0
786;Bed006.segment.1,049;0.0
787;Bed006.segment.1,050;0.0
788;Bed006.segment.1,051;0.0
789;Bed006.segment.1,052;0.0
790;Bed006.segment.1,053;0.0
791;Bed006.segment.1,054;0.0
792;Bed006.segment.1,055;0.0
793;Bed006.segment.1,056;0.0
794;Bed006.segment.1,057;0.0
795;Bed006.segment.1,058;0.0
796;Bed006.segment.1,059;0.0
797;Bed006.segment.1,060;0.0
798;Bed006.segment.1,061;0.0
799;Bed006.segment.1,063;0.0
800;Bed006.segment.1,064;0.0
801;Bed006.segment.1,065;0.0
802;Bed006.segment.1,068;0.0
803;Bed006.segment.1,069;0.0
804;Bed006.segment.1,070;0.0
805;Bed006.segment.1,071;0.0
806;Bed006.segment.1,072;0.0
807;Bed006.segment.1,073;0.0
808;Bed006.segment.1,074;0.0
809;Bed006.segment.1,075;0.0
810;Bed006.segment.1,078;0.0
811;Bed006.segment.1,079;0.0
812;Bed006.segment.1,080;0.0
813;Bed006.segment.1,081;0.0
814;Bed006.segment.1,082;0.0
815;Bed006.segment.1,083;0.0
816;Bed006.segment.1,084;0.0
817;Bed006.segment.1,085;0.0
818;Bed006.segment.1,086;0.0
819;Bed006.segment.1,087;0.0
820;Bed006.segment.1,088;0.0
821;Bed006.segment.1,089;0.0
822;Bed006.segment.1,090;0.0
823;Bed006.segment.1,091;0.0
824;Bed006.segment.1,092;0.0
825;Bed006.segment.1,093;0.0
826;Bed006.segment.1,094;0.0
827;Bed006.segment.1,097;0.0
828;Bed006.segment.1,099;0.0
829;Bed006.segment.1,100;0.0
830;Bed006.segment.1,101;0.0
831;Bed006.segment.1,102;0.0
832;Bed006.segment.1,103;0.0
833;Bed006.segment.1,104;0.0
834;Bed006.segment.1,107;0.0
835;Bed006.segment.1,108;0.0
836;Bed006.segment.1,109;0.0
837;Bed006.segment.1,110;0.0
838;Bed006.segment.1,111;1.0
839;Bed006.segment.1,112;0.0
840;Bed006.segment.1,113;0.0
841;Bed006.segment.1,114;0.0
842;Bed006.segment.1,115;0.0
843;Bed006.segment.1,116;0.0
844;Bed006.segment.1,117;0.0
845;Bed006.segment.1,118;0.0
846;Bed006.segment.1,119;0.0
847;Bed006.segment.1,120;0.0
848;Bed006.segment.1,121;0.0
849;Bed006.segment.1,122;0.0
850;Bed006.segment.1,123;0.0
851;Bed006.segment.1,124;0.0
852;Bed006.segment.1,125;0.0
853;Bed006.segment.1,126;0.0
854;Bed006.segment.1,127;0.0
855;Bed006.segment.1,128;0.0
856;Bed006.segment.1,129;0.0
857;Bed006.segment.1,131;0.0
858;Bed006.segment.1,132;0.0
859;Bed006.segment.1,133;0.0
860;Bed006.segment.1,135;0.0
861;Bed006.segment.1,136;0.0
862;Bed006.segment.1,137;0.0
863;Bed006.segment.1,138;0.0
864;Bed006.segment.1,139;0.0
865;Bed006.segment.1,140;0.0
866;Bed006.segment.1,141;0.0
867;Bed006.segment.1,143;0.0
868;Bed006.segment.1,144;0.0
869;Bed006.segment.1,146;0.0
870;Bed006.segment.1,147;0.0
871;Bed006.segment.1,148;0.0
872;Bed006.segment.1,149;0.0
873;Bed006.segment.1,150;0.0
874;Bed006.segment.1,151;0.0
875;Bed006.segment.1,152;0.0
876;Bed006.segment.1,153;0.0
877;Bed006.segment.1,155;0.0
878;Bed006.segment.1,154;0.0
879;Bed006.segment.1,156;0.0
880;Bed006.segment.1,157;0.0
881;Bed006.segment.1,158;0.0
882;Bed006.segment.1,159;0.0
883;Bed006.segment.1,161;0.0
884;Bed006.segment.1,162;0.0
885;Bed006.segment.1,163;0.0
886;Bed006.segment.1,164;0.0
887;Bed006.segment.1,165;0.0
888;Bed006.segment.1,166;0.0
889;Bed006.segment.1,167;0.0
890;Bed006.segment.1,168;0.0
891;Bed006.segment.1,169;0.0
892;Bed006.segment.1,170;0.0
893;Bed006.segment.1,171;0.0
894;Bed006.segment.1,172;0.0
895;Bed006.segment.1,174;0.0
896;Bed006.segment.1,173;0.0
897;Bed006.segment.1,175;0.0
898;Bed006.segment.1,176;0.0
899;Bed006.segment.1,177;0.0
900;Bed006.segment.1,178;0.0
901;Bed006.segment.1,179;0.0
902;Bed006.segment.1,180;0.0
903;Bed006.segment.1,181;0.0
904;Bed006.segment.1,182;0.0
905;Bed006.segment.1,183;0.0
906;Bed006.segment.1,184;0.0
907;Bed006.segment.1,185;0.0
908;Bed006.segment.1,186;0.0
909;Bed006.segment.1,187;0.0
910;Bed006.segment.1,188;0.0
911;Bed006.segment.1,189;0.0
912;Bed006.segment.1,190;0.0
913;Bed006.segment.1,191;0.0
914;Bed006.segment.1,193;0.0
915;Bed006.segment.1,194;0.0
916;Bed006.segment.1,195;1.0
917;Bed006.segment.1,196;0.0
918;Bed006.segment.1,197;0.0
919;Bed006.segment.1,198;0.0
920;Bed006.segment.1,199;0.0
921;Bed006.segment.1,200;0.0
922;Bed006.segment.1,201;0.0
923;Bed006.segment.1,202;0.0
924;Bed006.segment.1,203;0.0
925;Bed006.segment.1,204;0.0
926;Bed006.segment.1,205;0.0
927;Bed006.segment.1,206;0.0
928;Bed006.segment.1,207;0.0
929;Bed006.segment.1,208;0.0
930;Bed006.segment.1,209;0.0
931;Bed006.segment.1,210;0.0
932;Bed006.segment.1,211;0.0
933;Bed006.segment.1,212;0.0
934;Bed006.segment.1,214;0.0
935;Bed006.segment.1,215;0.0
936;Bed006.segment.1,216;0.0
937;Bed006.segment.1,217;0.0
938;Bed006.segment.1,218;0.0
939;Bed006.segment.1,219;0.0
940;Bed006.segment.1,220;0.0
941;Bed006.segment.1,221;0.0
942;Bed006.segment.1,222;0.0
943;Bed006.segment.1,223;0.0
944;Bed006.segment.1,225;0.0
945;Bed006.segment.1,226;0.0
946;Bed006.segment.1,227;0.0
947;Bed006.segment.1,228;0.0
948;Bed006.segment.1,229;0.0
949;Bed006.segment.1,230;0.0
950;Bed006.segment.1,231;0.0
951;Bed006.segment.1,232;0.0
952;Bed006.segment.1,233;0.0
953;Bed006.segment.1,234;0.0
954;Bed006.segment.1,235;0.0
955;Bed006.segment.1,236;0.0
956;Bed006.segment.1,237;0.0
957;Bed006.segment.1,238;0.0
958;Bed006.segment.1,239;0.0
959;Bed006.segment.1,240;0.0
960;Bed006.segment.1,241;0.0
961;Bed006.segment.1,242;0.0
962;Bed006.segment.1,244;0.0
963;Bed006.segment.1,245;0.0
964;Bed006.segment.1,246;0.0
965;Bed006.segment.1,247;0.0
966;Bed006.segment.1,249;0.0
967;Bed006.segment.1,250;0.0
968;Bed006.segment.1,251;0.0
969;Bed006.segment.1,254;0.0
970;Bed006.segment.1,255;0.0
971;Bed006.segment.1,257;0.0
972;Bed006.segment.1,258;0.0
973;Bed006.segment.1,259;0.0
974;Bed006.segment.1,260;0.0
975;Bed006.segment.1,261;0.0
976;Bed006.segment.1,263;0.0
977;Bed006.segment.1,265;0.0
978;Bed006.segment.1,266;0.0
979;Bed006.segment.1,267;0.0
980;Bed006.segment.1,268;0.0
981;Bed006.segment.1,269;0.0
982;Bed006.segment.1,270;0.0
983;Bed006.segment.1,271;0.0
984;Bed006.segment.1,272;0.0
985;Bed006.segment.1,273;0.0
986;Bed006.segment.1,274;0.0
987;Bed006.segment.1,275;0.0
988;Bed006.segment.1,276;0.0
989;Bed006.segment.1,277;0.0
990;Bed006.segment.1,278;0.0
991;Bed006.segment.1,279;0.0
992;Bed006.segment.1,280;0.0
993;Bed006.segment.1,281;0.0
994;Bed006.segment.1,282;0.0
995;Bed006.segment.1,283;0.0
996;Bed006.segment.1,284;0.0
997;Bed006.segment.1,285;0.0
998;Bed006.segment.1,286;0.0
999;Bed006.segment.1,287;0.0
1000;Bed006.segment.1,289;0.0
1001;Bed006.segment.1,290;0.0
1002;Bed006.segment.1,292;0.0
1003;Bed006.segment.1,293;0.0
1004;Bed006.segment.1,294;0.0
1005;Bed006.segment.1,295;0.0
1006;Bed006.segment.1,296;0.0
1007;Bed006.segment.1,297;0.0
1008;Bed006.segment.1,298;0.0
1009;Bed006.segment.1,299;0.0
1010;Bed006.segment.1,300;0.0
1011;Bed006.segment.1,301;0.0
1012;Bed006.segment.1,303;0.0
1013;Bed006.segment.1,304;0.0
1014;Bed006.segment.1,305;0.0
1015;Bed006.segment.1,307;0.0
1016;Bed006.segment.1,308;0.0
1017;Bed006.segment.1,311;1.0
1018;Bed006.segment.1,312;0.0
1019;Bed006.segment.1,313;0.0
1020;Bed006.segment.1,316;0.0
1021;Bed006.segment.1,319;0.0
1022;Bed006.segment.1,320;0.0
1023;Bed006.segment.1,321;0.0
1024;Bed006.segment.1,322;0.0
1025;Bed006.segment.1,324;0.0
1026;Bed006.segment.1,325;0.0
1027;Bed006.segment.1,328;0.0
1028;Bed006.segment.1,329;0.0
1029;Bed006.segment.1,330;0.0
1030;Bed006.segment.1,331;0.0
1031;Bed006.segment.1,332;0.0
1032;Bed006.segment.1,333;0.0
1033;Bed006.segment.1,335;0.0
1034;Bed006.segment.1,336;0.0
1035;Bed006.segment.1,337;0.0
1036;Bed006.segment.1,340;0.0
1037;Bed006.segment.1,341;0.0
1038;Bed006.segment.1,342;0.0
1039;Bed006.segment.1,343;0.0
1040;Bed006.segment.1,346;0.0
1041;Bed006.segment.1,349;0.0
1042;Bed006.segment.1,350;0.0
1043;Bed006.segment.1,351;0.0
1044;Bed006.segment.1,352;0.0
1045;Bed006.segment.1,353;0.0
1046;Bed006.segment.1,354;0.0
1047;Bed006.segment.1,355;0.0
1048;Bed006.segment.1,356;0.0
1049;Bed006.segment.1,357;0.0
1050;Bed006.segment.1,359;0.0
1051;Bed006.segment.1,358;0.0
1052;Bed006.segment.1,360;0.0
1053;Bed006.segment.1,361;0.0
1054;Bed006.segment.1,362;0.0
1055;Bed006.segment.1,363;0.0
1056;Bed006.segment.1,365;0.0
1057;Bed006.segment.1,366;0.0
1058;Bed006.segment.1,367;0.0
1059;Bed006.segment.1,368;0.0
1060;Bed006.segment.1,369;0.0
1061;Bed006.segment.1,370;0.0
1062;Bed006.segment.1,371;0.0
1063;Bed006.segment.1,372;0.0
1064;Bed006.segment.1,373;0.0
1065;Bed006.segment.1,374;0.0
1066;Bed006.segment.1,375;0.0
1067;Bed006.segment.1,376;0.0
1068;Bed006.segment.1,377;0.0
1069;Bed006.segment.1,378;0.0
1070;Bed006.segment.1,380;0.0
1071;Bed006.segment.1,381;0.0
1072;Bed006.segment.1,382;0.0
1073;Bed006.segment.1,383;0.0
1074;Bed006.segment.1,384;0.0
1075;Bed006.segment.1,385;0.0
1076;Bed006.segment.1,386;0.0
1077;Bed006.segment.1,388;0.0
1078;Bed006.segment.1,389;0.0
1079;Bed006.segment.1,390;0.0
1080;Bed006.segment.1,391;0.0
1081;Bed006.segment.1,392;0.0
1082;Bed006.segment.1,393;0.0
1083;Bed006.segment.1,394;0.0
1084;Bed006.segment.1,397;0.0
1085;Bed006.segment.1,398;0.0
1086;Bed006.segment.1,399;0.0
1087;Bed006.segment.1,400;0.0
1088;Bed006.segment.1,401;0.0
1089;Bed006.segment.1,402;0.0
1090;Bed006.segment.1,403;0.0
1091;Bed006.segment.1,404;0.0
1092;Bed006.segment.1,405;0.0
1093;Bed006.segment.1,406;0.0
1094;Bed006.segment.1,407;0.0
1095;Bed006.segment.1,408;0.0
1096;Bed006.segment.1,409;0.0
1097;Bed006.segment.1,412;0.0
1098;Bed006.segment.1,413;0.0
1099;Bed006.segment.1,414;0.0
1100;Bed006.segment.1,415;0.0
1101;Bed006.segment.1,416;0.0
1102;Bed006.segment.1,417;0.0
1103;Bed006.segment.1,418;0.0
1104;Bed006.segment.1,419;0.0
1105;Bed006.segment.1,420;0.0
1106;Bed006.segment.1,422;0.0
1107;Bed006.segment.1,425;0.0
1108;Bed006.segment.1,427;0.0
1109;Bed006.segment.1,428;0.0
1110;Bed006.segment.1,429;0.0
1111;Bed006.segment.1,430;0.0
1112;Bed006.segment.1,431;0.0
1113;Bed006.segment.1,432;0.0
1114;Bed006.segment.1,434;0.0
1115;Bed006.segment.1,435;0.0
1116;Bed006.segment.1,436;0.0
1117;Bed006.segment.1,437;0.0
1118;Bed006.segment.1,441;0.0
1119;Bed006.segment.1,443;0.0
1120;Bed006.segment.1,444;0.0
1121;Bed006.segment.1,445;0.0
1122;Bed006.segment.1,447;0.0
1123;Bed006.segment.1,448;0.0
1124;Bed006.segment.1,449;0.0
1125;Bed006.segment.1,450;0.0
1126;Bed006.segment.1,451;0.0
1127;Bed006.segment.1,452;0.0
1128;Bed006.segment.1,453;0.0
1129;Bed006.segment.1,455;0.0
1130;Bed006.segment.1,456;1.0
1131;Bed006.segment.1,457;0.0
1132;Bed006.segment.1,458;0.0
1133;Bed006.segment.1,459;0.0
1134;Bed006.segment.1,461;0.0
1135;Bed006.segment.1,463;0.0
1136;Bed006.segment.1,464;0.0
1137;Bed006.segment.1,465;0.0
1138;Bed006.segment.1,466;0.0
1139;Bed006.segment.1,467;0.0
1140;Bed006.segment.1,468;0.0
1141;Bed006.segment.1,469;0.0
1142;Bed006.segment.1,471;0.0
1143;Bed006.segment.1,473;0.0
1144;Bed006.segment.1,474;0.0
1145;Bed006.segment.1,477;0.0
1146;Bed006.segment.1,479;0.0
1147;Bed006.segment.1,480;0.0
1148;Bed006.segment.1,481;0.0
1149;Bed006.segment.1,482;0.0
1150;Bed006.segment.1,484;0.0
1151;Bed006.segment.1,486;0.0
1152;Bed006.segment.1,487;1.0
1153;Bed006.segment.1,490;1.0
1154;Bed006.segment.1,491;0.0
1155;Bed006.segment.1,492;0.0
1156;Bed006.segment.1,494;0.0
1157;Bed006.segment.1,495;0.0
1158;Bed006.segment.1,496;0.0
1159;Bed006.segment.1,500;0.0
1160;Bed006.segment.1,502;0.0
1161;Bed006.segment.1,503;0.0
1162;Bed006.segment.1,504;0.0
1163;Bed006.segment.1,505;0.0
1164;Bed006.segment.1,506;0.0
1165;Bed006.segment.1,507;0.0
1166;Bed006.segment.1,508;0.0
1167;Bed006.segment.1,511;0.0
1168;Bed006.segment.1,512;0.0
1169;Bed006.segment.1,513;0.0
1170;Bed006.segment.1,514;0.0
1171;Bed006.segment.1,516;0.0
1172;Bed006.segment.1,517;0.0
1173;Bed006.segment.1,518;0.0
1174;Bed006.segment.1,521;0.0
1175;Bed006.segment.1,522;0.0
1176;Bed006.segment.1,523;0.0
1177;Bed006.segment.1,524;0.0
1178;Bed006.segment.1,525;0.0
1179;Bed006.segment.1,526;0.0
1180;Bed006.segment.1,527;0.0
1181;Bed006.segment.1,528;0.0
1182;Bed006.segment.1,530;0.0
1183;Bed006.segment.1,531;0.0
1184;Bed006.segment.1,532;0.0
1185;Bed006.segment.1,533;0.0
1186;Bed006.segment.1,534;0.0
1187;Bed006.segment.1,535;0.0
1188;Bed006.segment.1,537;0.0
1189;Bed006.segment.1,539;0.0
1190;Bed006.segment.1,540;0.0
1191;Bed006.segment.1,542;0.0
1192;Bed006.segment.1,545;0.0
1193;Bed006.segment.1,546;0.0
1194;Bed006.segment.1,548;0.0
1195;Bed006.segment.1,549;0.0
1196;Bed006.segment.1,550;0.0
1197;Bed006.segment.1,551;0.0
1198;Bed006.segment.1,552;0.0
1199;Bed006.segment.1,554;0.0
1200;Bed006.segment.1,555;0.0
1201;Bed006.segment.1,558;0.0
1202;Bed006.segment.1,559;0.0
1203;Bed006.segment.1,560;0.0
1204;Bed006.segment.1,561;0.0
1205;Bed006.segment.1,566;0.0
1206;Bed006.segment.1,567;0.0
1207;Bed006.segment.1,568;0.0
1208;Bed006.segment.1,569;0.0
1209;Bed006.segment.1,572;0.0
1210;Bed006.segment.1,573;0.0
1211;Bed006.segment.1,574;0.0
1212;Bed006.segment.1,575;0.0
1213;Bed006.segment.1,576;0.0
1214;Bed006.segment.1,577;0.0
1215;Bed006.segment.1,578;0.0
1216;Bed006.segment.1,579;0.0
1217;Bed006.segment.1,580;0.0
1218;Bed006.segment.1,581;0.0
1219;Bed006.segment.1,582;0.0
1220;Bed006.segment.1,583;0.0
1221;Bed006.segment.1,585;0.0
1222;Bed006.segment.1,586;0.0
1223;Bed006.segment.1,588;0.0
1224;Bed006.segment.1,589;0.0
1225;Bed006.segment.1,590;0.0
1226;Bed006.segment.1,591;0.0
1227;Bed006.segment.1,592;0.0
1228;Bed006.segment.1,593;0.0
1229;Bed006.segment.1,594;0.0
1230;Bed006.segment.1,597;0.0
1231;Bed006.segment.1,599;0.0
1232;Bed006.segment.1,601;0.0
1233;Bed006.segment.1,602;0.0
1234;Bed006.segment.1,605;0.0
1235;Bed006.segment.1,606;0.0
1236;Bed006.segment.1,608;0.0
1237;Bed006.segment.1,609;0.0
1238;Bed006.segment.1,611;0.0
1239;Bed006.segment.1,612;0.0
1240;Bed006.segment.1,613;0.0
1241;Bed006.segment.1,614;0.0
1242;Bed006.segment.1,616;0.0
1243;Bed006.segment.1,615;0.0
1244;Bed006.segment.1,617;0.0
1245;Bed006.segment.1,618;0.0
1246;Bed006.segment.1,621;0.0
1247;Bed006.segment.1,622;0.0
1248;Bed006.segment.1,624;0.0
1249;Bed006.segment.1,626;0.0
1250;Bed006.segment.1,627;0.0
1251;Bed006.segment.1,628;0.0
1252;Bed006.segment.1,629;0.0
1253;Bed006.segment.1,630;0.0
1254;Bed006.segment.1,631;0.0
1255;Bed006.segment.1,632;0.0
1256;Bed006.segment.1,633;0.0
1257;Bed006.segment.1,634;0.0
1258;Bed006.segment.1,635;0.0
1259;Bed006.segment.1,636;0.0
1260;Bed006.segment.1,637;0.0
1261;Bed006.segment.1,638;0.0
1262;Bed006.segment.1,639;0.0
1263;Bed006.segment.1,640;0.0
1264;Bed006.segment.1,641;0.0
1265;Bed006.segment.1,642;0.0
1266;Bed006.segment.1,643;0.0
1267;Bed006.segment.1,644;0.0
1268;Bed006.segment.1,645;0.0
1269;Bed006.segment.1,646;0.0
1270;Bed006.segment.1,648;0.0
1271;Bed006.segment.1,650;0.0
1272;Bed006.segment.1,651;0.0
1273;Bed006.segment.1,653;0.0
1274;Bed006.segment.1,652;0.0
1275;Bed006.segment.1,654;0.0
1276;Bed006.segment.1,655;0.0
1277;Bed006.segment.1,656;0.0
1278;Bed006.segment.1,657;0.0
1279;Bed006.segment.1,658;0.0
1280;Bed006.segment.1,659;0.0
1281;Bed006.segment.1,660;0.0
1282;Bed006.segment.1,662;0.0
1283;Bed006.segment.1,661;0.0
1284;Bed006.segment.1,663;0.0
1285;Bed006.segment.1,664;0.0
1286;Bed006.segment.1,665;0.0
1287;Bed006.segment.1,666;0.0
1288;Bed006.segment.1,667;0.0
1289;Bed006.segment.1,668;0.0
1290;Bed006.segment.1,670;0.0
1291;Bed006.segment.1,671;0.0
1292;Bed006.segment.1,673;0.0
1293;Bed006.segment.1,674;0.0
1294;Bed006.segment.1,675;0.0
1295;Bed006.segment.1,676;0.0
1296;Bed006.segment.1,677;0.0
1297;Bed006.segment.1,679;0.0
1298;Bed006.segment.1,680;0.0
1299;Bed006.segment.1,681;0.0
1300;Bed006.segment.1,682;0.0
1301;Bed006.segment.1,683;0.0
1302;Bed006.segment.1,684;0.0
1303;Bed006.segment.1,685;0.0
1304;Bed006.segment.1,686;0.0
1305;Bed006.segment.1,687;0.0
1306;Bed006.segment.1,688;0.0
1307;Bed006.segment.1,689;0.0
1308;Bed006.segment.1,692;0.0
1309;Bed006.segment.1,694;0.0
1310;Bed006.segment.1,696;0.0
1311;Bed006.segment.1,697;0.0
1312;Bed006.segment.1,698;0.0
1313;Bed006.segment.1,699;0.0
1314;Bed006.segment.1,700;0.0
1315;Bed006.segment.1,701;0.0
1316;Bed006.segment.1,702;0.0
1317;Bed006.segment.1,704;0.0
1318;Bed006.segment.1,707;0.0
1319;Bed006.segment.1,709;0.0
1320;Bed006.segment.1,708;0.0
1321;Bed006.segment.1,710;0.0
1322;Bed006.segment.1,711;0.0
1323;Bed006.segment.1,712;0.0
1324;Bed006.segment.1,713;0.0
1325;Bed006.segment.1,714;0.0
1326;Bed006.segment.1,715;0.0
1327;Bed006.segment.1,716;0.0
1328;Bed006.segment.1,717;0.0
1329;Bed006.segment.1,718;0.0
1330;Bed006.segment.1,719;0.0
1331;Bed006.segment.1,720;0.0
1332;Bed006.segment.1,721;0.0
1333;Bed006.segment.1,725;0.0
1334;Bed006.segment.1,726;0.0
1335;Bed006.segment.1,727;0.0
1336;Bed006.segment.1,728;0.0
1337;Bed006.segment.1,730;0.0
1338;Bed006.segment.1,733;0.0
1339;Bed006.segment.1,735;0.0
1340;Bed006.segment.1,736;0.0
1341;Bed006.segment.1,737;0.0
1342;Bed006.segment.1,739;0.0
1343;Bed006.segment.1,738;0.0
1344;Bed006.segment.1,742;0.0
1345;Bed006.segment.1,743;0.0
1346;Bed006.segment.1,745;0.0
1347;Bed006.segment.1,746;0.0
1348;Bed006.segment.1,747;0.0
1349;Bed006.segment.1,748;0.0
1350;Bed006.segment.1,749;0.0
1351;Bed006.segment.1,750;0.0
1352;Bed006.segment.1,755;0.0
1353;Bed006.segment.1,757;0.0
1354;Bed006.segment.1,758;0.0
1355;Bed006.segment.1,759;0.0
1356;Bed006.segment.1,760;0.0
1357;Bed006.segment.1,762;0.0
1358;Bed006.segment.1,764;0.0
1359;Bed006.segment.1,766;0.0
1360;Bed006.segment.1,767;0.0
1361;Bed006.segment.1,768;0.0
1362;Bed006.segment.1,769;0.0
1363;Bed006.segment.1,770;0.0
1364;Bed006.segment.1,771;0.0
1365;Bed006.segment.1,772;0.0
1366;Bed006.segment.1,773;0.0
1367;Bed006.segment.1,774;0.0
1368;Bed006.segment.1,775;0.0
1369;Bed006.segment.1,776;0.0
1370;Bed006.segment.1,777;0.0
1371;Bed006.segment.1,778;0.0
1372;Bed006.segment.1,779;0.0
1373;Bed006.segment.1,780;0.0
1374;Bed006.segment.1,781;0.0
1375;Bed006.segment.1,782;0.0
1376;Bed006.segment.1,784;0.0
1377;Bed006.segment.1,786;0.0
1378;Bed006.segment.1,787;0.0
1379;Bed006.segment.1,788;0.0
1380;Bed006.segment.1,789;0.0
1381;Bed006.segment.1,790;0.0
